DateTime,EventId,ProductId,Latitude,Longitude,Battery,Light,AirplaneMode
1713378600000,EI000010535,69000024877,-27.6514,-55.3028,0.41,OFF,ON
1762540200000,EI000001088,WG000031824,-27.6514,-55.3028,0.03,OFF,ON
2671036200000,EI000026405,WG000023390,-29.5058,-59.0116,0.94,OFF,OFF
1993660200000,EI000000597,69000032477,42.4716,84.9433,0.01,OFF,ON
1209148200000,EI000014362,WG000025564,58.0667,116.133,0.83,OFF,ON
1575225000000,EI000030666,WG000003763,58.0667,116.133,0.42,OFF,OFF
978287400000,EI000007827,69000009529,53.8154,107.631,0.58,OFF,OFF
1811615400000,EI000017064,69000010820,53.8154,107.631,0.07,OFF,ON
1126031400000,EI000020055,WG000009228,53.8154,107.631,0.23,OFF,OFF
2117125800000,EI000026311,69000017123,-63.2266,-126.453,0.38,OFF,OFF
1518201000000,EI000019617,69000019449,-63.2266,-126.453,0.81,OFF,ON
1616869800000,EI000001685,69000031271,-63.2266,127.458,0.67,OFF,ON
2312649000000,EI000015294,WG000031549,63.7292,127.458,0.44,OFF,ON
2627404200000,EI000019839,69000023976,19.0984,38.1968,0.33,OFF,ON
1384367400000,EI000001231,69000022640,59.8458,119.692,0.36,OFF,ON
1616524200000,EI000031509,69000028511,-80.6134,159.619,0.56,OFF,ON
1792348200000,EI000024072,WG000016159,79.8094,159.619,0.68,OFF,OFF
1250879400000,EI000017812,WG000003307,79.8094,138.501,0.94,OFF,ON
1824661800000,EI000018944,69000019718,-55.1155,-110.231,0.32,OFF,ON
1917973800000,EI000013923,WG000011346,-55.1155,-110.231,0.02,OFF,ON
1551033000000,EI000011987,69000021113,-55.1155,-110.231,0.32,OFF,OFF
1001788200000,EI000010220,WG000031583,80.8024,161.605,0.20,OFF,ON
1401215400000,EI000019938,69000025427,80.8024,161.605,0.41,OFF,ON
1080757800000,EI000013214,69000022377,80.8024,161.605,0.78,OFF,OFF
2066063400000,EI000010513,69000012015,22.6152,45.2304,0.01,OFF,OFF
1442514600000,EI000029369,WG000031361,58.5489,117.098,0.48,OFF,OFF
1531247400000,EI000020668,69000029576,58.5489,117.098,0.07,OFF,ON
1926268200000,EI000018220,69000032635,4.90783,9.81566,0.15,OFF,OFF
1316457000000,EI000024195,WG000025855,4.90783,157.849,0.53,OFF,OFF
1626287400000,EI000019627,69000016554,78.9244,157.849,0.39,OFF,ON
2048610600000,EI000013906,WG000024296,-66.4308,-132.862,0.59,OFF,ON
2585154600000,EI000017595,69000027983,-52.632,-105.264,0.33,OFF,ON
1090089000000,EI000011771,69000032159,-52.632,-105.264,0.89,OFF,ON
1500229800000,EI000025040,WG000018671,-82.9666,-165.933,0.05,OFF,OFF
1764527400000,EI000031082,69000027074,26.0351,52.0702,0.68,OFF,OFF
1684866600000,EI000009966,69000000745,26.0351,-43.2615,0.75,OFF,ON
1249497000000,EI000030506,WG000009626,-21.6308,-43.2615,0.63,OFF,OFF
2320684200000,EI000032143,69000026670,-0.818854,-1.63771,0.51,OFF,OFF
1584815400000,EI000025714,WG000017762,-42.3293,-84.6587,0.75,OFF,ON
1563561000000,EI000014385,WG000003080,64.9145,129.829,0.83,OFF,OFF
2490373800000,EI000017129,69000017556,64.9145,129.829,0.31,OFF,ON
1265653800000,EI000030571,WG000029981,-13.0813,-26.1627,0.19,OFF,ON
2614789800000,EI000023696,69000004954,89.5511,179.102,0.48,OFF,ON
2651769000000,EI000003097,69000016176,89.5511,179.102,0.41,OFF,OFF
1612117800000,EI000003428,69000030931,39.8182,79.6364,0.58,OFF,OFF
1188585000000,EI000032269,WG000009363,53.2665,106.533,0.33,OFF,ON
1034706600000,EI000022003,69000032147,53.2665,106.533,0.07,OFF,ON
1291746600000,EI000012186,WG000006321,-67.1556,-134.311,0.95,OFF,OFF
2330706600000,EI000007031,69000004595,-67.1556,-134.311,0.34,OFF,OFF
1028313000000,EI000011040,69000002523,-87.7097,-175.419,0.99,OFF,OFF
1915813800000,EI000029020,WG000019716,-13.7794,-27.5588,0.20,OFF,ON
2159289000000,EI000006955,WG000013910,-13.7794,-107.01,0.86,OFF,ON
2547225000000,EI000025366,69000002815,-53.505,-107.01,0.91,OFF,ON
1176057000000,EI000012650,WG000029063,89.1705,178.341,0.32,OFF,OFF
1928428200000,EI000028532,WG000003559,-47.2898,-94.5796,0.83,OFF,OFF
1447698600000,EI000016324,69000021227,-54.9379,-109.876,0.03,OFF,ON
1298658600000,EI000029178,69000008370,-54.9379,-109.876,0.07,OFF,OFF
1120415400000,EI000012766,WG000010244,-54.9379,-109.876,0.14,OFF,ON
1862418600000,EI000000910,69000003778,-34.9268,-69.8537,0.00,OFF,ON
1849199400000,EI000010207,WG000030682,-34.9268,-69.8537,0.91,OFF,ON
1487356200000,EI000006839,WG000001102,34.4098,68.8196,0.85,OFF,OFF
2616085800000,EI000002380,69000022478,34.4098,68.8196,0.44,OFF,ON
1735410600000,EI000011927,69000002696,34.4098,68.8196,0.75,OFF,OFF
1614969000000,EI000025128,69000013741,34.0325,68.0649,0.16,OFF,OFF
1036780200000,EI000012159,WG000006603,34.0325,68.0649,0.71,OFF,OFF
2046277800000,EI000032220,69000016105,-29.1345,-58.2691,0.14,OFF,ON
1278700200000,EI000030784,69000029848,-29.1345,-58.2691,0.46,OFF,OFF
1997461800000,EI000005315,WG000006714,-16.129,21.5122,0.16,OFF,OFF
1572892200000,EI000003513,WG000011249,10.7561,21.5122,0.57,OFF,ON
1392834600000,EI000018724,69000002661,-71.0849,-142.17,0.80,OFF,ON
1781461800000,EI000005594,69000000933,86.7393,173.479,0.76,OFF,OFF
1357583400000,EI000015582,69000031812,86.7393,173.479,0.53,OFF,OFF
953836200000,EI000006701,WG000021110,64.6899,129.38,0.36,OFF,ON
2055954600000,EI000013370,69000022830,50.1829,100.366,0.57,OFF,ON
1675189800000,EI000000824,WG000026061,50.1829,100.366,0.18,OFF,ON
1920825000000,EI000027104,WG000027757,50.1829,100.366,0.85,OFF,OFF
1258482600000,EI000009834,69000018890,89.6708,179.342,0.02,OFF,ON
2264697000000,EI000022212,WG000031089,89.6708,-52.1656,0.01,OFF,OFF
2028133800000,EI000032413,WG000021545,-26.0828,-52.1656,0.86,OFF,ON
1730053800000,EI000001390,69000028847,-26.0828,-52.1656,0.50,OFF,OFF
2322412200000,EI000020042,WG000015614,69.093,138.186,0.44,OFF,ON
1523644200000,EI000029393,WG000007542,69.093,138.186,0.95,OFF,ON
2532537000000,EI000008833,WG000022692,69.093,138.186,0.66,OFF,OFF
2649781800000,EI000017546,WG000019833,-44.9803,-89.9606,0.50,OFF,ON
2508517800000,EI000016695,69000017355,-50.8026,-101.605,0.89,OFF,OFF
1214505000000,EI000026964,WG000024606,-50.8026,-101.605,0.14,OFF,ON
1515695400000,EI000022533,69000005983,81.1209,162.242,0.16,OFF,ON
1826476200000,EI000000118,69000011581,33.4548,66.9096,0.99,OFF,ON
1295375400000,EI000010742,69000020332,-2.86662,-5.73324,0.24,OFF,ON
1677004200000,EI000026695,69000029066,-29.1733,-58.3467,0.13,OFF,ON
1690914600000,EI000022695,69000024468,42.8936,85.7872,0.37,OFF,ON
2557074600000,EI000010118,69000015476,42.8936,85.7872,0.54,OFF,ON
1564079400000,EI000005627,69000021881,-54.6148,-109.23,0.18,OFF,OFF
1120501800000,EI000027117,69000023569,2.6485,5.297,0.67,OFF,ON
1759516200000,EI000030042,WG000028301,-57.7488,-115.498,0.96,OFF,OFF
1623868200000,EI000018362,69000006417,-57.7488,-115.498,0.49,OFF,ON
1404239400000,EI000019994,WG000000911,-65.7145,-131.429,0.22,OFF,ON
1814553000000,EI000011926,WG000005803,-34.1086,-68.2172,0.27,OFF,OFF
1128450600000,EI000016608,69000026643,-34.1086,-68.2172,0.61,OFF,ON
1087929000000,EI000014053,69000010083,-10.0144,-20.0288,0.12,OFF,OFF
1708540200000,EI000009790,69000011008,-3.12781,-6.25561,0.92,OFF,ON
1678645800000,EI000022877,WG000020146,-12.5641,-25.1283,0.69,OFF,OFF
1057689000000,EI000013441,WG000013506,-5.31761,-10.6352,0.12,OFF,OFF
1433097000000,EI000006318,69000024747,-5.31761,-10.6352,0.00,OFF,OFF
1533234600000,EI000008569,WG000008906,-5.27266,-10.5453,0.01,OFF,OFF
1214245800000,EI000014445,69000024603,75.73,151.46,0.97,OFF,ON
1587839400000,EI000017399,69000018886,-41.3862,-82.7724,0.41,OFF,ON
2524242600000,EI000021715,69000019906,-41.3862,-82.7724,0.47,OFF,OFF
2117644200000,EI000013687,WG000028057,-2.72746,-5.45493,0.70,OFF,ON
1241721000000,EI000008886,WG000016130,73.058,146.116,0.06,OFF,OFF
1680287400000,EI000021646,WG000006975,81.698,163.396,0.32,OFF,OFF
1989945000000,EI000031202,WG000005977,81.698,163.396,0.20,OFF,ON
1550341800000,EI000029053,WG000015703,-64.6951,-129.39,0.33,OFF,OFF
2044290600000,EI000021049,69000027311,40.3781,80.7562,0.22,OFF,OFF
2320252200000,EI000014658,WG000002333,55.7123,111.425,0.52,OFF,OFF
958761000000,EI000029862,WG000022733,41.6988,83.3975,0.16,OFF,OFF
1251916200000,EI000012392,WG000013753,41.6988,83.3975,0.05,OFF,ON
2491756200000,EI000002900,WG000016798,41.6988,83.3975,0.73,OFF,ON
1091730600000,EI000016377,WG000006408,52.7577,105.515,0.02,OFF,ON
2615481000000,EI000012001,69000010242,80.5528,161.106,0.94,OFF,OFF
1839436200000,EI000018936,WG000015137,80.5528,161.106,0.61,OFF,OFF
1500921000000,EI000015583,69000023348,-34.1748,-68.3496,0.78,OFF,ON
1517250600000,EI000027502,69000007676,-34.1748,-68.3496,0.78,OFF,ON
1871836200000,EI000016992,WG000026421,-40.4385,-80.877,0.86,OFF,OFF
1161973800000,EI000013189,69000029986,-40.4385,-80.877,0.83,OFF,ON
1698517800000,EI000003226,WG000001269,-40.4385,-80.877,0.25,OFF,ON
2091378600000,EI000022221,WG000020648,-69.1767,-138.353,0.78,OFF,OFF
1707071400000,EI000001585,WG000002725,-69.1767,-138.353,0.72,OFF,ON
1257013800000,EI000027262,WG000030325,6.5981,13.1962,0.09,OFF,OFF
1712773800000,EI000000895,WG000018027,27.4505,54.901,0.94,OFF,ON
1199557800000,EI000004815,WG000011184,27.4505,54.901,0.42,OFF,ON
2070556200000,EI000014726,69000009249,32.2671,64.5342,0.47,OFF,OFF
2442594600000,EI000018693,WG000023829,32.2671,-133.752,0.76,OFF,ON
1155753000000,EI000003882,WG000002567,-41.101,-82.202,0.26,OFF,OFF
2058978600000,EI000013674,69000013719,-56.6746,-113.349,0.02,OFF,OFF
2630428200000,EI000016727,69000024457,-56.6746,-113.349,0.48,OFF,ON
1091903400000,EI000004953,WG000030219,77.1385,154.277,0.23,OFF,ON
1285439400000,EI000021678,69000007092,77.1385,154.277,0.61,OFF,OFF
1788719400000,EI000005153,WG000017829,77.1385,154.277,0.39,OFF,OFF
1561401000000,EI000015133,69000000025,72.2038,144.408,0.14,OFF,OFF
2427474600000,EI000020662,WG000003792,72.2038,144.408,0.94,OFF,ON
2021740200000,EI000025398,WG000023051,-1.93337,-3.86673,0.27,OFF,ON
1139682600000,EI000014198,69000010510,-13.6895,-27.379,0.07,OFF,OFF
2439829800000,EI000019072,69000025786,-73.5891,-147.178,0.80,OFF,OFF
1921516200000,EI000030576,WG000028973,-13.7861,-27.5721,0.52,OFF,OFF
2299257000000,EI000010861,WG000000130,-13.7861,-27.5721,0.64,OFF,OFF
1055529000000,EI000027225,69000005678,3.08786,6.17573,0.06,OFF,OFF
2062002600000,EI000002123,WG000023820,3.08786,6.17573,0.03,OFF,ON
2197650600000,EI000023432,69000021594,3.08786,6.17573,0.35,OFF,ON
1193855400000,EI000016740,69000018427,44.8996,89.7992,0.07,OFF,ON
952194600000,EI000024409,69000013619,-15.9362,-31.8723,0.69,OFF,ON
2036341800000,EI000005554,WG000020707,-15.9362,-31.8723,0.43,OFF,OFF
993753000000,EI000018009,69000022263,-15.9362,-31.8723,0.75,OFF,OFF
1667068200000,EI000012961,WG000003164,54.7364,-93.5916,0.35,OFF,OFF
1797705000000,EI000019169,WG000009880,-46.7958,-93.5916,0.07,OFF,OFF
1028485800000,EI000023207,69000020126,31.9973,63.9946,0.43,OFF,OFF
2301935400000,EI000003241,69000003525,20.0079,40.0158,0.39,OFF,ON
1595788200000,EI000019536,WG000004334,-45.1519,-90.3038,0.96,OFF,ON
1129746600000,EI000011757,WG000021642,-83.0814,-166.163,0.27,OFF,OFF
1933007400000,EI000029542,69000013518,76.9187,153.837,0.27,OFF,OFF
1571250600000,EI000006343,69000021214,3.98165,7.96331,0.86,OFF,ON
1533839400000,EI000026627,WG000022146,3.98165,7.96331,0.94,OFF,ON
1959532200000,EI000010198,69000024655,3.98165,7.96331,0.81,OFF,ON
2451666600000,EI000015982,69000017497,-6.7717,-13.5434,0.38,OFF,ON
1776537000000,EI000027304,69000007458,-6.7717,-13.5434,0.76,OFF,ON
1862418600000,EI000014563,69000022896,73.6741,147.348,0.49,OFF,ON
1080412200000,EI000016586,WG000011634,88.4575,176.915,0.75,OFF,ON
2306341800000,EI000031566,69000005326,88.4575,176.915,0.42,OFF,ON
1735756200000,EI000008108,WG000007318,68.2771,136.554,0.58,OFF,ON
1062095400000,EI000000766,WG000014916,-6.74739,131.448,0.21,OFF,ON
1375381800000,EI000010229,WG000009895,65.7241,131.448,0.07,OFF,OFF
1237055400000,EI000020832,WG000014697,-2.84001,-5.68003,0.58,OFF,OFF
1424025000000,EI000023026,69000019311,-23.8952,-47.7903,0.39,OFF,ON
1505327400000,EI000032243,WG000024117,-23.8952,27.4622,0.76,OFF,ON
1160418600000,EI000006024,WG000015147,13.7311,27.4622,0.14,OFF,OFF
1977762600000,EI000008368,69000006833,13.7311,27.4622,0.65,OFF,ON
1186857000000,EI000031744,WG000005219,36.3978,72.7956,0.77,OFF,ON
1927564200000,EI000021744,WG000030369,36.3978,72.7956,0.16,OFF,OFF
1806949800000,EI000010979,69000028838,-9.96183,-19.9237,0.29,OFF,ON
2643561000000,EI000010490,WG000002841,68.5527,137.105,0.29,OFF,OFF
1357497000000,EI000012019,WG000018507,-58.7007,-117.401,0.67,OFF,OFF
1442341800000,EI000026564,69000006800,-58.7007,98.16,0.78,OFF,ON
1037557800000,EI000024384,WG000021009,49.08,98.16,0.09,OFF,OFF
1185129000000,EI000019040,69000009887,80.0281,160.056,0.26,OFF,ON
1502044200000,EI000000701,WG000000831,64.7322,129.464,0.42,OFF,OFF
2456505000000,EI000018826,69000025815,64.7322,129.464,0.60,OFF,ON
2114793000000,EI000026510,WG000013139,50.4786,100.957,0.14,OFF,ON
1118341800000,EI000013598,WG000018073,-18.9363,-37.8727,0.28,OFF,OFF
1951669800000,EI000030294,69000016314,-18.9363,-37.8727,0.85,OFF,OFF
2116261800000,EI000010704,69000031359,56.7115,113.423,0.23,OFF,OFF
1811961000000,EI000031882,WG000011348,56.7115,84.7849,0.13,OFF,ON
1405103400000,EI000028448,WG000002252,42.3925,84.7849,0.33,OFF,ON
1717698600000,EI000001228,WG000008562,42.3925,84.7849,0.89,OFF,OFF
950121000000,EI000028653,WG000030772,58.3976,116.795,0.34,OFF,ON
1995388200000,EI000006129,WG000030531,58.3976,116.795,0.22,OFF,ON
2032108200000,EI000018788,WG000022607,58.3976,116.795,0.35,OFF,OFF
1347561000000,EI000015501,WG000013733,-57.7899,-115.58,0.63,OFF,OFF
2018370600000,EI000015799,WG000000946,27.124,54.2481,0.94,OFF,ON
1137609000000,EI000024099,WG000007540,27.124,54.2481,0.12,OFF,ON
2310661800000,EI000005972,WG000020484,-64.639,-129.278,0.07,OFF,OFF
1101234600000,EI000002179,WG000011579,-34.0763,-68.1526,0.07,OFF,OFF
1252261800000,EI000004303,WG000005563,-75.6525,-151.305,0.21,OFF,OFF
2064421800000,EI000018569,WG000008494,-75.6525,-151.305,0.32,OFF,ON
2517071400000,EI000019252,WG000004661,16.9622,33.9244,0.34,OFF,ON
1792693800000,EI000021032,WG000021675,16.9622,33.9244,0.64,OFF,ON
1952620200000,EI000026557,69000021292,16.9622,33.9244,0.59,OFF,OFF
949257000000,EI000003690,WG000018211,-45.7394,-91.4789,0.60,OFF,OFF
2532105000000,EI000003291,69000032600,-26.1039,-52.2077,0.92,OFF,ON
2182703400000,EI000006668,69000011158,-26.1039,-52.2077,0.82,OFF,ON
2655916200000,EI000008456,69000029433,0.742544,1.48509,0.72,OFF,ON
1467052200000,EI000031518,69000009901,0.742544,1.48509,0.86,OFF,OFF
1236623400000,EI000029326,69000000033,-68.2661,-136.532,0.72,OFF,OFF
1703356200000,EI000015341,WG000025283,-68.2661,-136.532,0.68,OFF,OFF
2245775400000,EI000029174,69000011526,4.88035,9.76069,0.54,OFF,ON
1022610600000,EI000017872,WG000021449,-55.6745,-111.349,0.81,OFF,ON
1783535400000,EI000022538,69000031590,-55.6745,-111.349,0.64,OFF,ON
1342809000000,EI000025547,69000024108,-50.5335,-101.067,0.70,OFF,ON
1866393000000,EI000008458,WG000030375,-7.87712,-15.7542,0.58,OFF,ON
2211301800000,EI000022418,69000007895,-49.6815,-99.3629,0.99,OFF,OFF
1469817000000,EI000028002,WG000016934,-49.6815,-99.3629,0.81,OFF,OFF
1575052200000,EI000016809,WG000009791,-60.7114,-121.423,0.86,OFF,OFF
1491071400000,EI000026695,69000003676,-60.7114,-121.423,0.87,OFF,ON
993407400000,EI000019410,69000006973,42.2677,84.5353,0.76,OFF,OFF
1055183400000,EI000031888,WG000005897,-2.59829,-5.19659,0.29,OFF,OFF
1527618600000,EI000012368,WG000028343,61.6846,123.369,0.81,OFF,OFF
1493058600000,EI000032273,69000030300,61.6846,123.369,0.75,OFF,ON
1006799400000,EI000027470,69000003304,61.6846,123.369,0.98,OFF,ON
1428690600000,EI000011703,WG000016616,-41.9416,-83.8832,0.24,OFF,ON
1409596200000,EI000029145,69000021059,-41.9416,121.581,0.77,OFF,ON
1726425000000,EI000031120,69000004097,60.7904,121.581,0.42,OFF,OFF
1214505000000,EI000004143,69000029947,-41.6226,-83.2453,0.53,OFF,OFF
2215017000000,EI000027145,69000031152,-49.8761,-99.7521,0.86,OFF,ON
2401468200000,EI000030720,WG000016923,28.6956,57.3911,0.72,OFF,ON
2570812200000,EI000021248,WG000024041,-71.8662,-143.732,0.86,OFF,ON
1554834600000,EI000031635,WG000029585,-71.8662,-158.324,0.94,OFF,ON
1343586600000,EI000002527,69000023304,-79.1618,-158.324,0.71,OFF,OFF
1270060200000,EI000007515,69000002165,22.1961,44.3921,0.34,OFF,OFF
1883068200000,EI000014553,69000011537,82.0522,164.104,0.15,OFF,OFF
1582655400000,EI000020703,WG000004110,-59.6615,-119.323,0.46,OFF,ON
1341945000000,EI000012364,WG000007347,-59.6615,-119.323,0.79,OFF,OFF
1368988200000,EI000016510,WG000020363,-15.4153,-30.8307,0.43,OFF,OFF
1227292200000,EI000005085,WG000003296,-15.4153,-30.8307,0.50,OFF,ON
2090687400000,EI000007638,69000018773,-41.9532,-83.9065,0.35,OFF,ON
957897000000,EI000028365,WG000012371,-74.9008,-149.802,0.76,OFF,ON
1482690600000,EI000024248,69000013629,-39.5882,-79.1764,0.47,OFF,ON
1249151400000,EI000030191,WG000021618,-78.4522,-156.904,0.42,OFF,OFF
1843497000000,EI000022162,69000001819,-78.4522,-156.904,0.79,OFF,ON
2046882600000,EI000021037,69000025113,-75.329,-150.658,0.21,OFF,ON
1655749800000,EI000022895,WG000017334,-75.329,-150.658,0.76,OFF,ON
1845916200000,EI000002477,WG000013452,-20.8336,-41.6673,0.55,OFF,ON
1945189800000,EI000022075,69000023738,-20.8336,-41.6673,0.35,OFF,OFF
1623004200000,EI000009068,69000025249,-20.8336,-41.6673,0.50,OFF,ON
2379004200000,EI000021899,WG000008189,73.8846,147.769,0.51,OFF,ON
968437800000,EI000008515,69000004118,73.8846,147.769,0.86,OFF,OFF
1312914600000,EI000013455,WG000026402,63.0587,126.117,0.07,OFF,OFF
1032460200000,EI000008438,69000005517,63.0587,126.117,0.67,OFF,ON
1623177000000,EI000031192,WG000019664,-43.9142,-87.8283,0.08,OFF,OFF
1558895400000,EI000028577,WG000007356,-43.9142,-87.8283,0.45,OFF,OFF
1342377000000,EI000030977,69000025361,-43.9142,-87.8283,0.49,OFF,ON
1487874600000,EI000012806,WG000015021,82.8245,165.649,0.71,OFF,ON
2324226600000,EI000002744,69000029085,82.8245,165.649,0.47,OFF,OFF
1710959400000,EI000015624,WG000021692,-19.1826,-38.3652,0.54,OFF,OFF
1648146600000,EI000031069,69000012484,-19.1826,-38.3652,0.65,OFF,ON
1544639400000,EI000016573,69000016709,-89.7154,-179.431,0.42,OFF,OFF
1981305000000,EI000013224,69000028236,-89.7154,-52.0294,0.76,OFF,ON
1551205800000,EI000027344,69000007989,35.7637,71.5274,0.98,OFF,ON
1223836200000,EI000010059,69000001355,67.6359,135.272,0.03,OFF,ON
1381861800000,EI000004518,WG000000529,67.6359,148.179,0.49,OFF,OFF
2001609000000,EI000027807,69000025098,74.0897,148.179,0.59,OFF,OFF
1161628200000,EI000026150,69000009025,74.0897,148.179,0.39,OFF,ON
1403893800000,EI000011248,69000009121,-24.63,-49.2599,0.92,OFF,OFF
2471797800000,EI000016521,69000003339,24.1622,48.3244,0.74,OFF,OFF
1005676200000,EI000020049,WG000009112,-2.33712,-4.67423,0.30,OFF,ON
1077647400000,EI000031268,69000009497,-2.33712,-4.67423,0.38,OFF,ON
1006626600000,EI000028243,69000027812,-2.33712,-4.67423,0.71,OFF,OFF
1535826600000,EI000010864,WG000017599,32.3339,64.6677,0.59,OFF,OFF
2168101800000,EI000028819,69000023559,28.4114,56.8228,0.35,OFF,OFF
1838917800000,EI000030150,69000006010,28.4114,56.8228,0.13,OFF,OFF
1659724200000,EI000002663,WG000013201,28.4114,119.544,0.30,OFF,OFF
1627065000000,EI000020116,WG000012196,27.4323,54.8645,0.16,OFF,ON
1406917800000,EI000031308,69000020106,27.4323,54.8645,0.14,OFF,ON
1626892200000,EI000023558,WG000018563,49.0398,98.0795,0.88,OFF,OFF
1995301800000,EI000030749,WG000031840,-78.3751,-156.75,0.54,OFF,ON
1196879400000,EI000005566,69000025710,-56.7146,-113.429,0.15,OFF,OFF
1485369000000,EI000020328,WG000010022,-10.4435,-20.887,0.96,OFF,ON
1342117800000,EI000018212,69000021104,76.7853,-77.6441,0.59,OFF,ON
1454524200000,EI000002873,69000020641,68.4578,136.916,0.21,OFF,ON
1236018600000,EI000024294,WG000021373,-11.1954,-22.3907,0.63,OFF,ON
2360601000000,EI000021287,69000006180,-11.1954,-22.3907,0.88,OFF,OFF
1287426600000,EI000023946,69000010587,81.3416,162.683,0.11,OFF,OFF
1762021800000,EI000012323,WG000017318,-58.869,-117.738,0.29,OFF,ON
966018600000,EI000002441,69000010960,-58.869,-117.738,0.68,OFF,ON
1371321000000,EI000000898,69000026431,-58.869,-117.738,0.28,OFF,OFF
1572546600000,EI000004725,WG000011116,88.6199,177.24,0.78,OFF,OFF
2599324200000,EI000027455,69000012803,-54.9442,-109.888,0.54,OFF,OFF
1540060200000,EI000026561,WG000016711,-54.9442,-109.888,0.60,OFF,OFF
1148581800000,EI000012123,WG000000119,56.1641,112.328,0.49,OFF,OFF
1164393000000,EI000031211,WG000009171,-40.9204,-81.8409,0.66,OFF,OFF
1723919400000,EI000024413,WG000031614,-40.9204,-81.8409,0.29,OFF,OFF
2520527400000,EI000002350,69000006908,-18.7287,-37.4575,0.84,OFF,ON
2531845800000,EI000009817,69000015809,-1.7442,-3.48841,0.24,OFF,OFF
1327775400000,EI000000191,69000020383,-1.7442,-3.48841,0.20,OFF,ON
1861900200000,EI000027987,WG000007295,-70.5586,-141.117,0.62,OFF,OFF
1601577000000,EI000008810,69000031235,-32.6595,-65.3189,0.55,OFF,OFF
1513794600000,EI000018315,69000024648,-32.6595,-65.3189,0.83,OFF,ON
1812911400000,EI000030294,69000030072,-32.6595,-65.3189,0.71,OFF,ON
1218738600000,EI000012584,69000000431,-41.3197,-82.6394,0.21,OFF,ON
1945276200000,EI000022486,69000016883,-41.3197,-82.6394,0.49,OFF,ON
988655400000,EI000015510,WG000021610,44.9101,89.8202,0.42,OFF,ON
1669660200000,EI000018792,WG000026785,44.9101,89.8202,0.21,OFF,OFF
2510764200000,EI000028167,69000032698,44.9101,89.8202,0.58,OFF,ON
1131129000000,EI000003719,69000016900,21.0594,42.1188,0.19,OFF,OFF
1195497000000,EI000026074,WG000015695,8.23749,16.475,0.44,OFF,OFF
1064428200000,EI000015498,WG000016882,8.23749,16.475,0.08,OFF,OFF
2345221800000,EI000016867,69000022268,42.047,84.0939,0.55,OFF,ON
1886351400000,EI000014306,69000008696,42.047,84.0939,0.36,OFF,OFF
993493800000,EI000024143,WG000012214,20.2634,40.5267,0.03,OFF,ON
1856543400000,EI000000899,WG000023885,20.2634,40.5267,0.10,OFF,OFF
2333557800000,EI000014943,WG000002989,2.28295,4.5659,0.57,OFF,OFF
1121884200000,EI000015310,WG000001128,2.28295,4.5659,0.81,OFF,ON
1131474600000,EI000027825,WG000004644,-33.0206,-66.0412,0.85,OFF,ON
1655490600000,EI000007010,69000000171,-33.0206,-66.0412,0.57,OFF,OFF
2561913000000,EI000016108,WG000017173,-71.0632,-142.126,0.31,OFF,ON
951330600000,EI000016762,WG000008208,49.5671,99.1341,0.29,OFF,OFF
2003682600000,EI000027847,WG000029244,49.5671,99.1341,0.74,OFF,ON
2125074600000,EI000027719,69000013499,-84.1813,-168.363,0.33,OFF,ON
1027017000000,EI000025833,69000023034,-26.0358,-52.0716,0.22,OFF,OFF
2558889000000,EI000024860,69000005807,-46.1076,-92.2153,0.76,OFF,OFF
1096828200000,EI000015952,69000017427,-46.1076,-92.2153,0.76,OFF,ON
1295116200000,EI000004827,WG000008696,33.0337,66.0674,0.39,OFF,ON
2289925800000,EI000004296,WG000004732,33.0337,66.0674,0.09,OFF,ON
1910975400000,EI000032314,69000031328,75.9659,151.932,0.44,OFF,ON
1591813800000,EI000017686,69000030647,19.6385,39.2769,0.99,OFF,OFF
2128962600000,EI000030363,WG000024021,19.6385,39.2769,0.50,OFF,ON
2083516200000,EI000012759,69000023218,-63.6545,-127.309,0.33,OFF,ON
2597337000000,EI000022337,WG000008003,-63.6545,-127.309,0.23,OFF,ON
1672511400000,EI000014562,WG000023264,-59.4321,-118.864,0.51,OFF,ON
1932748200000,EI000014021,WG000032295,-2.8403,-5.6806,0.34,OFF,OFF
2450629800000,EI000003528,WG000022633,-2.8403,-5.6806,0.02,OFF,ON
1000837800000,EI000000339,69000017712,-24.81,-49.6201,0.21,OFF,ON
2538757800000,EI000017030,WG000011160,-24.81,-49.6201,0.68,OFF,OFF
1020364200000,EI000032501,WG000008536,-24.81,-49.6201,0.31,OFF,OFF
1737484200000,EI000026316,69000032437,31.4278,62.8555,0.71,OFF,ON
2637772200000,EI000005426,WG000008525,31.4278,62.8555,0.33,OFF,OFF
1728498600000,EI000021878,69000011593,22.0773,44.1546,0.07,OFF,OFF
1483122600000,EI000028230,69000024269,-1.99793,-3.99585,0.79,OFF,ON
1933353000000,EI000019200,69000019768,-1.99793,-3.99585,0.20,OFF,ON
1448389800000,EI000027752,WG000004474,69.8941,139.788,0.00,OFF,OFF
1339698600000,EI000020244,69000001021,69.8941,139.788,0.54,OFF,OFF
1118428200000,EI000007568,WG000007210,87.9034,175.807,0.23,OFF,OFF
1435948200000,EI000000002,WG000009353,49.1345,98.269,0.55,OFF,ON
1674498600000,EI000013997,69000012141,39.0295,78.059,0.39,OFF,ON
2558802600000,EI000028995,WG000003892,39.0295,78.059,0.14,OFF,ON
1062527400000,EI000029898,69000012093,-38.9165,-60.3148,0.79,OFF,ON
2531932200000,EI000032229,WG000011997,-30.1574,-60.3148,0.41,OFF,ON
1773253800000,EI000005955,69000012071,-30.1574,-60.3148,0.87,OFF,ON
2284741800000,EI000000616,WG000029905,-12.3307,-24.6615,0.44,OFF,ON
2346085800000,EI000031986,69000026320,-12.3307,-24.6615,0.82,OFF,ON
2537116200000,EI000000159,WG000030366,58.0139,-93.3324,0.87,OFF,ON
1554229800000,EI000016870,WG000031021,-46.6662,-93.3324,0.55,OFF,OFF
1598553000000,EI000026964,WG000028347,-18.6814,-37.3628,0.98,OFF,OFF
2579020200000,EI000016687,69000018864,4.92928,9.85856,0.45,OFF,OFF
1668191400000,EI000016191,69000024692,-46.6318,-93.2636,0.44,OFF,ON
1796149800000,EI000028982,69000028852,-46.6318,-93.2636,0.19,OFF,OFF
953749800000,EI000005983,69000012965,-59.8982,-119.796,0.08,OFF,ON
1049481000000,EI000028215,69000023999,-59.8982,-119.796,0.07,OFF,ON
1910025000000,EI000032473,69000012164,-12.1942,-24.3885,0.88,OFF,ON
1640025000000,EI000015666,WG000018405,-12.1942,178.461,0.72,OFF,ON
1408473000000,EI000025664,69000003589,89.2304,178.461,0.41,OFF,ON
1342549800000,EI000002677,69000026985,89.2304,178.461,0.40,OFF,OFF
2010853800000,EI000008580,69000004080,-78.9135,-157.827,0.75,OFF,OFF
1038594600000,EI000030617,WG000010820,7.34745,14.6949,0.91,OFF,ON
1889116200000,EI000004476,WG000007562,89.3163,178.633,0.53,OFF,ON
1971887400000,EI000007296,69000015247,89.3163,162.096,0.98,OFF,OFF
2665679400000,EI000017491,69000027802,-77.808,-155.616,0.61,OFF,OFF
1498069800000,EI000013101,WG000032302,-77.808,-155.616,0.70,OFF,OFF
2362674600000,EI000001371,WG000031694,56.1717,112.343,0.35,OFF,ON
1783276200000,EI000003733,WG000032644,56.1717,112.343,0.55,OFF,ON
1549650600000,EI000010373,69000016559,72.6395,145.279,0.92,OFF,OFF
1506277800000,EI000002996,69000001249,-17.9051,-35.8103,0.45,OFF,ON
2436201000000,EI000024995,WG000031733,-67.4851,-134.97,0.74,OFF,ON
1201890600000,EI000027839,69000015558,-67.4851,-134.97,0.16,OFF,OFF
1110393000000,EI000000590,69000004623,2.74139,62.2712,0.13,OFF,OFF
1583433000000,EI000006544,69000001241,-89.1884,-178.377,0.66,OFF,OFF
1901125800000,EI000026969,69000026492,-46.6676,-93.3351,0.50,OFF,OFF
1423593000000,EI000006962,WG000020008,-16.5059,-33.0117,0.22,OFF,OFF
2254933800000,EI000024673,69000032691,-25.5741,-51.1481,0.22,OFF,OFF
1275417000000,EI000013925,69000017682,-25.5741,-51.1481,0.71,OFF,ON
2651509800000,EI000020601,69000024864,-57.529,-115.058,0.89,OFF,ON
1760121000000,EI000025513,WG000023598,-52.4618,-104.924,0.67,OFF,OFF
2166546600000,EI000030132,69000005753,-52.4618,-104.924,0.28,OFF,OFF
1902076200000,EI000003679,WG000008719,-60.9129,-121.826,0.96,OFF,OFF
1057429800000,EI000020400,69000020595,75.6462,151.292,0.67,OFF,ON
1493836200000,EI000024767,69000029840,75.6462,151.292,0.58,OFF,ON
1094409000000,EI000003004,69000004528,-70.9942,-141.988,0.03,OFF,ON
1037212200000,EI000009902,69000019106,-70.9942,-141.988,0.22,OFF,OFF
2189529000000,EI000017805,69000030815,-31.3891,-62.7782,0.12,OFF,ON
2384706600000,EI000009708,69000000359,-31.3891,-62.7782,0.48,OFF,OFF
1024425000000,EI000012659,WG000023903,40.5392,81.0783,0.13,OFF,OFF
957292200000,EI000007498,69000005223,40.5392,81.0783,0.61,OFF,OFF
2639500200000,EI000016550,69000013870,80.567,161.134,0.63,OFF,ON
2004978600000,EI000027540,69000023551,80.567,161.134,0.79,OFF,OFF
1610303400000,EI000020041,69000002053,-70.4181,-140.836,0.66,OFF,OFF
1748975400000,EI000018378,WG000029670,-70.4181,-140.836,0.15,OFF,OFF
1361471400000,EI000015349,WG000025487,-41.5114,-83.0227,0.07,OFF,ON
983989800000,EI000003649,WG000022660,-41.5114,-83.0227,0.45,OFF,ON
1377023400000,EI000025397,WG000025334,-83.4876,-166.975,0.12,OFF,OFF
1480271400000,EI000006099,69000020164,-83.4876,-166.975,0.78,OFF,OFF
1408127400000,EI000018907,WG000021078,-23.7987,-47.5973,0.00,OFF,OFF
1027881000000,EI000003021,WG000006665,-23.7987,-47.5973,0.79,OFF,OFF
1567967400000,EI000007766,69000002221,-23.7987,-47.5973,0.87,OFF,OFF
1483209000000,EI000029771,WG000005499,88.9343,177.869,0.29,OFF,ON
1972924200000,EI000006744,69000029337,-68.6446,-137.289,0.11,OFF,ON
1904495400000,EI000032100,WG000021452,21.1701,42.3403,0.34,OFF,OFF
1616610600000,EI000003280,WG000004351,21.1701,42.3403,0.09,OFF,OFF
1559673000000,EI000004086,WG000008454,-40.3014,-80.6028,0.16,OFF,OFF
1965666600000,EI000020586,WG000014310,-40.3014,-80.6028,0.24,OFF,ON
2391445800000,EI000003156,69000031807,-40.3014,-80.6028,0.34,OFF,OFF
1320690600000,EI000030985,69000006760,24.6639,49.3279,0.13,OFF,ON
1755541800000,EI000025109,69000011652,-48.3702,-96.7405,0.89,OFF,ON
2626281000000,EI000030768,69000025495,1.76684,3.53368,0.12,OFF,ON
1504031400000,EI000028824,69000027910,1.76684,3.53368,0.61,OFF,OFF
983730600000,EI000029628,WG000007113,1.76684,151.759,0.56,OFF,OFF
2200847400000,EI000028324,69000030833,75.8793,151.759,0.98,OFF,ON
1227983400000,EI000020005,69000000498,48.0331,96.0661,0.80,OFF,OFF
2001695400000,EI000019604,WG000004707,48.0331,96.0661,0.56,OFF,ON
1999621800000,EI000008494,69000001004,62.8835,125.767,0.31,OFF,OFF
2461516200000,EI000012844,WG000009932,62.8835,125.767,0.70,OFF,OFF
2244825000000,EI000015321,WG000029963,67.5455,135.091,0.32,OFF,OFF
1325961000000,EI000017629,69000014587,-69.7726,-139.545,0.39,OFF,OFF
2328978600000,EI000016988,WG000010150,15.3447,30.6893,0.76,OFF,OFF
1348425000000,EI000005712,69000006235,15.3447,30.6893,0.20,OFF,OFF
1369506600000,EI000001297,WG000032429,15.3447,30.6893,0.88,OFF,ON
1067970600000,EI000030578,69000000361,-68.831,-137.662,0.95,OFF,OFF
1948732200000,EI000014908,WG000009282,84.5191,169.038,0.05,OFF,ON
2336927400000,EI000010751,WG000026005,84.5191,169.038,0.20,OFF,OFF
1080412200000,EI000013854,69000027125,84.5191,169.038,0.08,OFF,OFF
1537986600000,EI000019957,69000028708,76.5799,153.16,0.29,OFF,ON
1486578600000,EI000027836,69000017514,-13.2265,-26.453,0.64,OFF,ON
1486492200000,EI000008281,69000025539,-13.2265,-26.453,0.97,OFF,OFF
1551205800000,EI000020465,WG000011328,-15.0004,-30.0007,0.49,OFF,ON
1524076200000,EI000009232,WG000014595,52.2422,104.484,0.26,OFF,ON
1904149800000,EI000007987,69000012187,52.2422,104.484,0.78,OFF,OFF
1722105000000,EI000020717,69000019021,52.2422,104.484,0.33,OFF,ON
2520441000000,EI000030717,69000011638,-8.97356,-17.9471,0.83,OFF,OFF
1819477800000,EI000021451,69000023710,-81.7513,-163.503,0.60,OFF,ON
992197800000,EI000019978,WG000002293,-25.7024,-51.4049,0.61,OFF,ON
1044297000000,EI000000667,69000007540,-48.0341,-96.0682,0.58,OFF,OFF
2442681000000,EI000002416,69000022495,33.9285,67.857,0.00,OFF,OFF
1557513000000,EI000011456,69000021326,-65.2292,-130.458,0.88,OFF,OFF
968092200000,EI000009863,69000005543,-65.2292,-130.458,0.72,OFF,ON
1439922600000,EI000021381,WG000003873,-65.2292,-158.481,0.72,OFF,ON
1349893800000,EI000017449,WG000018874,-79.2405,-158.481,0.04,OFF,ON
1288722600000,EI000007461,69000030440,-58.9969,-117.994,0.61,OFF,ON
2100537000000,EI000000805,69000015613,8.85953,17.7191,0.02,OFF,OFF
1311186600000,EI000027304,69000026858,8.85953,17.7191,0.56,OFF,ON
2449938600000,EI000015573,WG000019020,7.28211,14.5642,0.34,OFF,ON
2012841000000,EI000000714,69000009808,-37.418,-74.836,0.62,OFF,OFF
1973615400000,EI000010671,69000027462,-37.418,-12.3762,0.88,OFF,OFF
2392396200000,EI000015800,69000003113,-6.18809,-12.3762,0.68,OFF,OFF
1984069800000,EI000013511,69000004603,-66.5744,-133.149,0.81,OFF,OFF
2660754600000,EI000029881,69000007455,-66.5744,-133.149,0.89,OFF,ON
1723573800000,EI000020158,WG000001480,-66.5744,-133.149,0.63,OFF,OFF
1472841000000,EI000021782,WG000016101,-21.3753,-42.7506,0.03,OFF,ON
1435861800000,EI000007137,WG000004571,-25.5121,-51.0242,0.74,OFF,ON
1383762600000,EI000024806,69000025544,-25.5121,-51.0242,0.94,OFF,OFF
1219516200000,EI000029220,WG000007990,-89.5381,-179.076,0.19,OFF,OFF
1901903400000,EI000028353,69000031126,77.79,155.58,0.31,OFF,OFF
1899052200000,EI000011633,WG000016975,-47.684,-95.3679,0.77,OFF,ON
2126284200000,EI000006875,69000009782,-83.0553,-166.111,0.91,OFF,ON
2159029800000,EI000013662,69000009263,-83.0553,-166.111,0.46,OFF,ON
1771612200000,EI000025991,69000022111,-58.1946,-116.389,0.21,OFF,ON
2482425000000,EI000026359,69000031627,-58.1946,-116.389,0.53,OFF,ON
1810578600000,EI000013522,69000022189,-84.6947,-169.389,0.29,OFF,OFF
1036348200000,EI000028268,WG000023162,-84.6947,-169.389,0.67,OFF,ON
1231093800000,EI000013800,WG000010313,-44.1027,-88.2054,0.87,OFF,OFF
1183919400000,EI000006755,WG000029842,38.9117,77.8234,0.02,OFF,OFF
1318789800000,EI000013369,WG000023885,38.9117,77.8234,0.66,OFF,ON
2614012200000,EI000008607,69000023692,38.9117,77.8234,0.45,OFF,OFF
1811788200000,EI000027465,WG000031125,77.4313,154.863,0.95,OFF,ON
1289932200000,EI000031127,69000004187,-55.8888,-111.778,0.57,OFF,OFF
1598725800000,EI000010551,69000010844,38.7529,77.5057,0.37,OFF,OFF
1671042600000,EI000001797,WG000028629,-43.9595,-87.9191,0.94,OFF,ON
1218825000000,EI000000850,69000018433,46.1592,92.3184,0.52,OFF,ON
1868898600000,EI000004530,69000002310,46.1592,92.3184,0.43,OFF,ON
1257013800000,EI000008468,69000004477,46.1592,92.3184,0.78,OFF,ON
1154111400000,EI000023550,WG000025758,70.5613,141.123,0.00,OFF,OFF
1779820200000,EI000008140,69000032034,-82.0785,-164.157,0.90,OFF,OFF
2175618600000,EI000011118,WG000010973,-82.0785,-164.157,0.37,OFF,OFF
1275503400000,EI000002828,WG000023606,44.5592,89.1185,0.56,OFF,OFF
1777919400000,EI000023906,WG000029976,23.6192,47.2385,0.91,OFF,OFF
2170866600000,EI000022833,69000019712,-64.9164,-129.833,0.26,OFF,ON
1013711400000,EI000020099,WG000019646,-64.9164,-129.833,0.71,OFF,ON
1600713000000,EI000015945,69000004705,-64.9164,-129.833,0.79,OFF,OFF
1574101800000,EI000011249,WG000032632,-42.0447,-84.0895,0.86,OFF,OFF
1717353000000,EI000003108,69000030232,-42.0447,177.712,0.45,OFF,OFF
1729621800000,EI000017591,69000011029,-88.4419,-176.884,0.82,OFF,OFF
1529260200000,EI000028181,69000031787,-39.7551,-79.5102,0.85,OFF,ON
1429727400000,EI000032242,WG000014007,-39.7551,-79.5102,0.20,OFF,ON
1990463400000,EI000010708,69000015679,-7.1968,-14.3936,0.52,OFF,OFF
1340908200000,EI000006627,69000027630,-7.1968,-14.3936,0.47,OFF,OFF
1750617000000,EI000022162,WG000029938,-7.1968,-14.3936,0.50,OFF,ON
1053973800000,EI000000896,69000022011,76.1132,152.226,0.68,OFF,ON
1342290600000,EI000022345,69000023263,76.1132,152.226,0.49,OFF,ON
1743705000000,EI000024586,WG000015336,-24.4941,-48.9881,0.12,OFF,ON
2003769000000,EI000002083,69000021027,-24.4941,-48.9881,0.50,OFF,ON
1133721000000,EI000000887,WG000022964,-22.5452,-45.0904,0.18,OFF,ON
1048962600000,EI000027597,WG000016457,-22.5452,-45.0904,0.91,OFF,OFF
1706207400000,EI000030493,WG000020985,87.45,174.9,0.30,OFF,ON
1067884200000,EI000005736,69000000665,35.9429,71.8859,0.99,OFF,ON
963340200000,EI000003345,WG000028659,35.9429,71.8859,0.86,OFF,OFF
1890671400000,EI000012886,69000023380,49.1524,98.3048,0.96,OFF,OFF
1734287400000,EI000028537,WG000011657,55.5841,111.168,0.97,OFF,OFF
2011372200000,EI000012292,69000022112,55.5841,111.168,0.36,OFF,OFF
1090953000000,EI000006993,69000005527,55.5841,111.168,0.87,OFF,ON
2383410600000,EI000029448,WG000030173,68.1218,136.244,0.23,OFF,OFF
1288981800000,EI000025455,WG000021346,61.1214,122.243,0.99,OFF,ON
1076265000000,EI000029141,69000017349,69.8033,139.607,0.36,OFF,OFF
1699554600000,EI000010517,69000023191,69.8033,139.607,0.46,OFF,ON
1927996200000,EI000025387,WG000000290,-74.337,-148.674,0.21,OFF,OFF
1161887400000,EI000025757,69000007065,-52.3068,-104.614,0.26,OFF,OFF
1261679400000,EI000018262,69000024091,-52.3068,-104.614,0.77,OFF,OFF
1044037800000,EI000016084,WG000022895,-52.3068,-104.614,0.85,OFF,ON
1118428200000,EI000020671,WG000021220,-74.0123,-148.025,0.33,OFF,OFF
1028485800000,EI000016106,69000029741,-74.0123,-148.025,0.48,OFF,ON
1039890600000,EI000030615,WG000025955,-74.0123,-148.025,0.98,OFF,ON
2215794600000,EI000017008,WG000027505,28.6914,57.3828,0.44,OFF,OFF
1713897000000,EI000005106,69000025489,28.6914,57.3828,0.09,OFF,ON
2270399400000,EI000022685,WG000018108,-5.52074,-11.0415,0.12,OFF,ON
1917801000000,EI000011193,WG000009717,-85.4212,-170.842,0.21,OFF,ON
1490985000000,EI000020178,WG000015469,-85.4212,-170.842,0.92,OFF,OFF
1877884200000,EI000025726,WG000025009,-68.0258,-136.052,0.44,OFF,ON
1218997800000,EI000008806,69000002954,-68.0258,-136.052,0.49,OFF,ON
2232210600000,EI000009232,69000027101,-68.0258,-136.052,0.27,OFF,ON
1580236200000,EI000013802,69000002029,-54.251,-108.502,0.37,OFF,ON
1544725800000,EI000000697,69000002985,0.141503,0.283005,0.30,OFF,ON
1981305000000,EI000013435,69000028899,0.141503,0.283005,0.21,OFF,ON
1259692200000,EI000028051,69000004636,25.0499,50.0998,0.20,OFF,OFF
1203705000000,EI000013807,69000001500,25.0499,0.681328,0.74,OFF,ON
2175273000000,EI000012991,69000016780,0.340664,0.681328,0.40,OFF,OFF
1120156200000,EI000028776,69000012647,44.7093,89.4185,0.55,OFF,ON
1595874600000,EI000002037,WG000027963,44.7093,89.4185,0.44,OFF,OFF
1622053800000,EI000031917,69000018373,-10.7654,-21.5307,0.93,OFF,OFF
1581100200000,EI000013916,69000026308,-10.7654,-21.5307,0.88,OFF,OFF
983385000000,EI000017005,69000003208,-32.8688,-65.7375,0.95,OFF,ON
2600188200000,EI000002549,WG000000795,-32.8688,-65.7375,0.40,OFF,OFF
1518287400000,EI000017096,WG000019393,-32.8688,-132.333,0.19,OFF,ON
1409337000000,EI000003695,WG000003238,-66.1665,-132.333,0.61,OFF,OFF
1365273000000,EI000012202,69000000328,-66.1665,-132.333,0.28,OFF,OFF
986495400000,EI000009232,69000000301,-2.56826,-5.13652,0.11,OFF,ON
1032373800000,EI000012740,WG000004937,-25.578,-51.1561,0.50,OFF,OFF
2011631400000,EI000020427,WG000012575,-25.578,-51.1561,0.35,OFF,OFF
1837708200000,EI000010121,WG000013854,-28.532,-57.0639,0.06,OFF,ON
2001781800000,EI000001205,WG000007862,-28.532,-57.0639,0.52,OFF,OFF
1269109800000,EI000028764,WG000001850,-38.8446,-77.6892,0.34,OFF,ON
1897410600000,EI000003625,WG000024463,-27.8531,-55.7062,0.10,OFF,OFF
2427215400000,EI000012867,WG000019764,-16.9526,-33.9052,0.45,OFF,OFF
2523724200000,EI000020055,WG000007556,-48.2629,-96.5259,0.26,OFF,ON
1420741800000,EI000008445,WG000005415,-48.2629,-96.5259,0.91,OFF,OFF
1262802600000,EI000029452,69000031939,-23.768,-47.536,0.12,OFF,ON
1267554600000,EI000024857,WG000030204,-47.7999,-95.5997,0.56,OFF,ON
1028917800000,EI000015421,69000011006,26.6882,53.3763,0.07,OFF,ON
1039717800000,EI000025256,WG000012590,26.6882,53.3763,0.04,OFF,OFF
970943400000,EI000025768,69000013850,26.6882,53.3763,0.44,OFF,ON
1981564200000,EI000016686,WG000028397,-56.3499,-112.7,0.97,OFF,OFF
1553020200000,EI000031705,WG000010638,-56.3499,-112.7,0.29,OFF,OFF
1586111400000,EI000017037,WG000004117,-36.0249,-72.0498,0.39,OFF,ON
2434386600000,EI000026805,69000016027,-45.5369,-91.0738,0.20,OFF,OFF
1662057000000,EI000002074,WG000004127,41.2173,82.4346,0.08,OFF,OFF
2666889000000,EI000012356,69000017501,52.6126,105.225,0.68,OFF,OFF
2303490600000,EI000010676,69000006747,64.2295,128.459,0.38,OFF,ON
1188153000000,EI000002837,69000013796,64.2295,128.459,0.07,OFF,ON
1742927400000,EI000006304,WG000021840,43.4103,86.8206,0.04,OFF,ON
1178649000000,EI000003270,WG000029115,43.4103,86.8206,0.11,OFF,OFF
1698431400000,EI000010839,69000032228,43.4103,124.619,0.00,OFF,ON
1869417000000,EI000032739,WG000021810,62.3096,124.619,0.81,OFF,OFF
2170348200000,EI000004508,WG000001246,62.3096,124.619,0.83,OFF,ON
1044124200000,EI000027045,WG000004427,76.6293,153.259,0.77,OFF,ON
1759257000000,EI000024144,WG000005818,76.6293,153.259,0.45,OFF,ON
2586018600000,EI000027661,69000032416,76.6293,153.259,0.32,OFF,OFF
1486233000000,EI000023156,WG000015057,24.5445,49.089,0.82,OFF,OFF
2038674600000,EI000013988,69000029193,24.5445,49.089,0.35,OFF,ON
2149353000000,EI000021008,WG000024209,24.5445,49.089,0.22,OFF,OFF
1250361000000,EI000011236,69000019573,-59.1906,-118.381,0.56,OFF,ON
2643388200000,EI000032625,69000019306,52.819,105.638,0.33,OFF,ON
2475081000000,EI000016289,69000003124,52.819,105.638,0.16,OFF,ON
2307292200000,EI000013425,69000018589,52.819,105.638,0.53,OFF,ON
2444581800000,EI000029724,69000032598,10.6543,21.3085,0.14,OFF,OFF
993839400000,EI000021322,WG000024113,10.6543,21.3085,0.53,OFF,OFF
1001442600000,EI000028232,69000020223,-16.0551,-32.1102,0.91,OFF,ON
1196274600000,EI000012483,69000025083,-16.0551,-32.1102,0.53,OFF,ON
1444761000000,EI000000390,69000007721,-7.89724,-15.7945,0.27,OFF,ON
1958495400000,EI000025859,69000004393,-28.4176,-56.8351,0.84,OFF,OFF
1151692200000,EI000008239,WG000007807,27.4405,54.8809,0.59,OFF,OFF
1079807400000,EI000020290,WG000022370,27.4405,54.8809,0.56,OFF,OFF
1927132200000,EI000004245,69000026229,-12.5135,-25.027,0.83,OFF,ON
1784226600000,EI000020146,69000019405,26.4063,52.8125,0.60,OFF,ON
1864924200000,EI000009675,69000017742,26.4063,52.8125,0.54,OFF,OFF
1442773800000,EI000021897,WG000031181,26.4063,52.8125,0.72,OFF,ON
1840905000000,EI000013661,69000015330,-81.4892,-162.978,0.60,OFF,ON
1254249000000,EI000023672,69000000933,-81.4892,-162.978,0.79,OFF,OFF
1965321000000,EI000017185,WG000002585,0.997692,1.99538,0.80,OFF,OFF
1453660200000,EI000013790,WG000026778,70.513,141.026,0.01,OFF,ON
1361903400000,EI000014329,WG000021810,70.513,141.026,0.15,OFF,ON
1738953000000,EI000017067,WG000019189,46.8699,93.7397,0.64,OFF,OFF
2074789800000,EI000032716,WG000017891,-75.4136,-150.827,0.89,OFF,ON
1249669800000,EI000023789,69000021378,-75.4136,-114.656,0.32,OFF,OFF
1472322600000,EI000016161,WG000015623,-80.3156,-160.631,0.03,OFF,ON
1545244200000,EI000015379,WG000003650,-59.5594,-119.119,0.51,OFF,OFF
2569429800000,EI000005234,WG000008069,-59.5594,-120.601,0.01,OFF,OFF
2103388200000,EI000003321,69000013648,-60.3005,-120.601,0.83,OFF,ON
1369074600000,EI000018401,WG000018312,-6.33491,-12.6698,0.70,OFF,OFF
1499279400000,EI000031194,WG000025550,-6.33491,-12.6698,0.06,OFF,OFF
1867429800000,EI000019449,69000020546,-6.33491,-12.6698,0.32,OFF,ON
1573842600000,EI000011587,69000003447,-25.2849,-50.5699,0.54,OFF,ON
1029090600000,EI000020805,WG000017149,-28.1804,-56.3609,0.59,OFF,OFF
1936981800000,EI000031340,WG000024968,50.4396,100.879,0.04,OFF,ON
1718303400000,EI000004912,WG000008461,50.4396,100.879,0.08,OFF,OFF
1057689000000,EI000024577,69000000083,-28.6984,-57.3968,0.91,OFF,OFF
953577000000,EI000004112,69000019922,-47.413,-94.8261,0.08,OFF,ON
1489084200000,EI000027554,69000006081,60.5445,121.089,0.02,OFF,OFF
1655749800000,EI000032711,WG000012983,-4.94591,-9.89182,0.23,OFF,OFF
1586889000000,EI000001850,WG000002081,50.8642,101.728,0.58,OFF,ON
2237826600000,EI000016924,69000005200,50.8642,101.728,0.37,OFF,ON
1424111400000,EI000009651,WG000023918,22.7286,45.4572,0.26,OFF,ON
1236882600000,EI000016417,69000022761,4.33281,8.66562,0.24,OFF,ON
1731695400000,EI000028685,69000025761,4.33281,93.8,0.39,OFF,OFF
1708885800000,EI000030464,69000005903,-87.3688,-174.738,0.75,OFF,OFF
1029090600000,EI000002630,WG000018662,-87.3688,-174.738,0.72,OFF,ON
2044290600000,EI000015178,WG000029729,25.8917,51.7834,0.56,OFF,ON
1962469800000,EI000006356,69000002457,-60.7732,-121.546,0.22,OFF,OFF
2467823400000,EI000027317,WG000004979,-60.7732,-121.546,0.89,OFF,OFF
2083775400000,EI000007425,WG000012615,-51.3274,-102.655,0.00,OFF,ON
2400690600000,EI000000850,WG000021271,-53.6139,-107.228,0.78,OFF,OFF
2485794600000,EI000029948,69000028221,-53.6139,-107.228,0.01,OFF,OFF
1871404200000,EI000007058,69000009809,-55.2144,-110.429,0.94,OFF,OFF
2334940200000,EI000022789,WG000024471,-55.2144,-110.429,0.50,OFF,ON
1896892200000,EI000022826,69000006233,89.3471,178.694,0.31,OFF,ON
1461436200000,EI000013258,69000022554,89.3471,178.694,0.58,OFF,ON
2386953000000,EI000022268,WG000003201,89.3471,136.64,0.93,OFF,ON
1045765800000,EI000000578,WG000014816,68.3202,136.64,0.56,OFF,OFF
2188751400000,EI000001468,69000013080,68.3202,136.64,0.85,OFF,OFF
1004812200000,EI000021938,69000015619,86.4042,172.808,0.14,OFF,ON
1858876200000,EI000000227,WG000011605,86.4042,172.808,0.69,OFF,OFF
1588357800000,EI000024011,69000000169,0.867935,1.73587,0.18,OFF,ON
2377017000000,EI000027276,WG000030213,39.2519,78.5038,0.53,OFF,OFF
1984674600000,EI000030126,WG000003799,39.2519,78.5038,0.46,OFF,ON
1484850600000,EI000003010,69000031268,39.2519,78.5038,0.14,OFF,OFF
1106591400000,EI000023474,WG000014685,-84.1576,-168.315,0.62,OFF,ON
1053714600000,EI000011005,69000003587,-84.1576,-168.315,0.54,OFF,ON
1881599400000,EI000011290,WG000008513,-4.89667,-9.79333,0.75,OFF,ON
1691433000000,EI000006052,69000011750,-4.89667,-9.79333,0.23,OFF,OFF
2415897000000,EI000028697,69000010034,58.1881,116.376,0.52,OFF,OFF
1281378600000,EI000008627,69000017728,58.1881,116.376,0.55,OFF,OFF
1752517800000,EI000003406,69000027788,-14.8957,-29.7914,0.46,OFF,OFF
1732213800000,EI000025649,69000021726,-14.8957,-29.7914,0.25,OFF,ON
1127673000000,EI000024514,69000000031,29.274,58.548,0.31,OFF,OFF
1554057000000,EI000032693,69000008991,51.4959,102.992,0.44,OFF,OFF
2045327400000,EI000013608,69000002253,6.68849,13.377,0.95,OFF,OFF
1915554600000,EI000030978,WG000013682,6.68849,13.377,0.33,OFF,OFF
1732127400000,EI000013750,WG000015078,-71.6369,-143.274,0.84,OFF,OFF
1377801000000,EI000029568,WG000027356,-71.6369,-143.274,0.58,OFF,ON
2343148200000,EI000020779,WG000029846,37.4622,74.9243,0.06,OFF,OFF
2043772200000,EI000023675,69000004399,37.4622,74.9243,0.34,OFF,ON
1985193000000,EI000000229,69000009693,7.13555,14.2711,0.63,OFF,ON
1512671400000,EI000018527,WG000002369,7.13555,14.2711,0.67,OFF,ON
1880303400000,EI000000239,69000020878,-51.7073,-103.415,0.74,OFF,ON
1540146600000,EI000013808,69000001074,-51.7073,-103.415,0.36,OFF,ON
2051461800000,EI000015174,69000019222,-51.7073,-103.415,0.11,OFF,OFF
1061577000000,EI000025180,WG000010165,-4.62284,-9.24569,0.69,OFF,OFF
2587228200000,EI000012964,69000014190,-19.1951,-38.3902,0.45,OFF,OFF
2265301800000,EI000004426,WG000009145,71.3322,142.664,0.38,OFF,ON
2118681000000,EI000020044,69000026185,71.3322,142.664,0.22,OFF,OFF
1957804200000,EI000032510,WG000008232,-81.5763,-163.153,0.77,OFF,ON
1040409000000,EI000004554,WG000003737,-81.5763,-68.0086,0.36,OFF,ON
2031330600000,EI000013623,69000003223,-34.0043,-68.0086,0.31,OFF,ON
2520181800000,EI000014741,69000029315,-34.0043,-113.769,0.26,OFF,OFF
1905618600000,EI000012712,69000014250,-56.8843,-113.769,0.55,OFF,ON
1028140200000,EI000017058,WG000010788,-26.9438,-53.8877,0.58,OFF,OFF
1242066600000,EI000005354,WG000024147,-26.9438,-53.8877,0.90,OFF,OFF
1428604200000,EI000006476,WG000003927,82.0694,164.139,0.49,OFF,OFF
1246905000000,EI000000779,WG000003448,-68.7799,-137.56,0.28,OFF,OFF
2421772200000,EI000010520,WG000031100,-68.7799,94.0605,0.39,OFF,ON
1295893800000,EI000005841,69000010155,-27.8017,-55.6034,0.87,OFF,ON
1231698600000,EI000010087,69000031158,-27.8017,-55.6034,0.58,OFF,ON
1842460200000,EI000018246,WG000018396,-27.8017,-55.6034,0.84,OFF,OFF
2595522600000,EI000020708,WG000020692,60.9274,121.855,0.36,OFF,OFF
2327164200000,EI000019653,69000024340,60.9274,121.855,0.65,OFF,ON
1365791400000,EI000032214,69000026630,-10.9858,-21.9717,0.93,OFF,OFF
1107369000000,EI000024309,WG000016188,-10.9858,-21.9717,0.77,OFF,ON
2450025000000,EI000012316,WG000008988,-19.1333,-38.2666,0.58,OFF,OFF
1816021800000,EI000004292,69000005833,62.687,125.374,0.79,OFF,ON
2234802600000,EI000021083,69000022358,-38.5967,-77.1933,0.50,OFF,OFF
1167071400000,EI000025559,69000021385,-38.5967,-77.1933,0.79,OFF,OFF
1020796200000,EI000011244,69000029387,-67.5747,-135.149,0.69,OFF,ON
968783400000,EI000031772,WG000009500,-85.4862,-170.972,0.96,OFF,ON
1656441000000,EI000026210,WG000000545,11.7461,23.4921,0.25,OFF,OFF
1710786600000,EI000004559,WG000028086,21.7262,43.4524,0.63,OFF,OFF
2418489000000,EI000028188,69000032359,21.7262,43.4524,0.58,OFF,ON
1570991400000,EI000010124,WG000006034,8.66267,17.3253,0.73,OFF,ON
1229193000000,EI000013386,WG000021701,67.5813,135.163,0.43,OFF,OFF
1511289000000,EI000002867,WG000002697,67.5813,135.163,0.16,OFF,OFF
2424364200000,EI000027655,WG000002148,-63.5622,-127.124,0.49,OFF,ON
1444847400000,EI000015838,WG000012838,-81.3998,-162.8,0.19,OFF,OFF
2644770600000,EI000028531,WG000023415,32.1823,64.3646,0.10,OFF,ON
2104511400000,EI000012924,WG000031058,-27.6667,-55.3334,0.20,OFF,OFF
1616783400000,EI000011825,69000004325,25.953,51.9059,0.67,OFF,ON
1601577000000,EI000014221,69000018298,49.5976,99.1952,0.99,OFF,ON
2204994600000,EI000009590,69000021179,49.5976,-154.394,0.14,OFF,OFF
1076265000000,EI000024987,WG000010486,-77.1971,-154.394,0.26,OFF,OFF
1245004200000,EI000026686,69000021085,-17.9921,-35.9842,0.64,OFF,OFF
2089909800000,EI000002140,WG000017964,-17.9921,-35.9842,0.64,OFF,OFF
2046018600000,EI000029071,69000010805,-17.9921,-35.9842,0.14,OFF,ON
2269881000000,EI000020354,69000019029,-39.0569,-78.1138,0.36,OFF,OFF
1897842600000,EI000002912,69000025826,75.2121,150.424,0.11,OFF,ON
2667321000000,EI000027780,69000000495,75.2121,150.424,0.87,OFF,OFF
1909593000000,EI000001677,69000027483,75.2121,150.424,0.04,OFF,ON
1358706600000,EI000001827,69000015458,-27.6004,-55.2009,0.10,OFF,ON
1433010600000,EI000028951,69000019800,-27.6004,-55.2009,0.49,OFF,OFF
2481301800000,EI000006535,69000028096,-60.0629,-120.126,0.21,OFF,OFF
2080924200000,EI000001463,69000010059,-60.0629,-120.126,0.02,OFF,ON
1130783400000,EI000020530,69000013472,35.3051,70.6103,0.58,OFF,OFF
1428690600000,EI000015291,69000018058,35.3051,70.6103,0.80,OFF,ON
1304361000000,EI000030763,WG000004256,-45.569,-91.1381,0.44,OFF,ON
1204223400000,EI000018054,69000004356,-45.569,-91.1381,0.96,OFF,OFF
1638297000000,EI000015520,69000003202,-9.84223,-19.6845,0.41,OFF,ON
1273429800000,EI000027036,69000013132,12.1896,24.3792,0.71,OFF,ON
2624034600000,EI000017063,WG000032103,12.1896,24.3792,0.92,OFF,ON
1310409000000,EI000013839,WG000022412,36.3902,72.7804,0.73,OFF,ON
2448037800000,EI000023696,WG000012998,-25.0772,-50.1544,0.76,OFF,ON
997122600000,EI000027614,69000025079,-25.0772,-50.1544,0.87,OFF,ON
1446143400000,EI000025423,WG000018495,40.8365,81.6729,0.34,OFF,ON
1302201000000,EI000003778,69000022036,49.6131,99.2263,0.46,OFF,OFF
1185215400000,EI000002498,WG000028179,49.6131,99.2263,0.96,OFF,OFF
1476815400000,EI000019484,69000003901,-37.6436,-75.2872,0.51,OFF,OFF
2628181800000,EI000024883,69000022397,-37.6436,-75.2872,0.12,OFF,OFF
2629996200000,EI000020926,WG000020000,88.6754,177.351,0.61,OFF,OFF
1123439400000,EI000022430,WG000032112,77.4998,155,0.58,OFF,ON
1847989800000,EI000032598,69000004172,-80.1125,-160.225,0.63,OFF,ON
2049042600000,EI000011491,69000026059,-80.1125,-160.225,0.14,OFF,OFF
1299781800000,EI000029239,WG000017233,-53.6253,-107.251,0.88,OFF,OFF
1501266600000,EI000009600,WG000002532,-53.6253,88.2124,0.70,OFF,OFF
1026153000000,EI000024045,69000001074,-53.0336,-106.067,0.46,OFF,ON
2054140200000,EI000018926,WG000010266,6.81315,13.6263,0.27,OFF,ON
2343148200000,EI000027286,WG000030632,-51.9321,-103.864,0.99,OFF,OFF
1090348200000,EI000026959,69000021497,-51.9321,-132.214,0.52,OFF,OFF
1733337000000,EI000004399,69000029164,-66.1068,-132.214,0.05,OFF,OFF
2203353000000,EI000011901,WG000001075,48.3873,96.7747,0.31,OFF,OFF
2446223400000,EI000025250,WG000028787,-82.215,-164.43,0.73,OFF,ON
1012847400000,EI000026304,WG000026044,-82.215,-123.891,0.54,OFF,ON
1124649000000,EI000028644,WG000004438,-61.9454,-123.891,0.40,OFF,OFF
1657909800000,EI000000119,WG000016513,-61.9454,-123.891,0.98,OFF,OFF
2403196200000,EI000018857,WG000020519,27.7429,55.4857,0.28,OFF,ON
1336242600000,EI000020847,WG000001858,69.1875,138.375,0.45,OFF,ON
1901989800000,EI000025088,WG000024092,69.1875,138.375,0.43,OFF,OFF
1664217000000,EI000025391,WG000008199,-6.93288,-13.8658,0.08,OFF,OFF
2096476200000,EI000011225,69000014544,-6.93288,-13.8658,0.37,OFF,OFF
1393439400000,EI000013716,69000015031,46.9117,93.8233,0.76,OFF,OFF
1664562600000,EI000024950,69000025653,46.9117,93.8233,0.60,OFF,OFF
1227033000000,EI000021186,69000005832,46.9117,93.8233,0.30,OFF,ON
1384885800000,EI000003031,WG000019789,-6.26466,-12.5293,0.36,OFF,ON
1966098600000,EI000016597,WG000019712,38.5082,77.0164,0.55,OFF,ON
1286562600000,EI000002268,WG000018843,38.5082,77.0164,0.05,OFF,ON
1001269800000,EI000024307,69000007879,-6.47482,-12.9496,0.86,OFF,ON
2095612200000,EI000021110,69000026632,56.4163,112.833,0.95,OFF,ON
1626287400000,EI000011629,WG000017624,56.4163,112.833,0.52,OFF,OFF
1721586600000,EI000016671,69000018789,-16.1569,-32.3137,0.29,OFF,OFF
1067279400000,EI000029027,WG000025606,-16.1569,-32.3137,0.40,OFF,ON
1918060200000,EI000003442,69000006811,-22.0441,-44.0881,0.11,OFF,ON
1127241000000,EI000016370,69000024121,-22.0441,-44.0881,0.40,OFF,OFF
1768329000000,EI000001040,69000021863,50.2169,100.434,0.74,OFF,OFF
2233679400000,EI000015890,69000013358,50.2169,-44.7313,0.03,OFF,ON
1020450600000,EI000026628,69000012931,-22.3656,-44.7313,0.74,OFF,OFF
1369074600000,EI000006393,WG000003759,-22.3656,-44.7313,0.08,OFF,OFF
1807295400000,EI000010601,WG000013128,67.4586,134.917,0.97,OFF,ON
2044722600000,EI000030194,WG000030085,-61.5365,-123.073,0.04,OFF,OFF
2023986600000,EI000019913,WG000006855,-3.2211,-6.44219,0.51,OFF,ON
1559068200000,EI000026800,69000029411,-3.2211,-6.44219,0.48,OFF,ON
1085423400000,EI000008123,WG000014130,-3.2211,-104.832,0.47,OFF,ON
1130351400000,EI000027513,69000024297,-52.416,-104.832,0.00,OFF,OFF
1274639400000,EI000002792,69000021453,-52.416,-104.832,0.03,OFF,OFF
1535740200000,EI000014888,WG000028448,63.8345,127.669,0.07,OFF,ON
1690396200000,EI000022742,WG000024719,66.4333,132.867,0.90,OFF,OFF
1672943400000,EI000010990,69000003797,66.4333,132.867,0.67,OFF,ON
1148149800000,EI000011118,WG000018636,66.4333,132.867,0.81,OFF,ON
2151081000000,EI000027011,69000012957,49.3039,98.6077,0.66,OFF,OFF
1339871400000,EI000010536,WG000020868,-59.7264,-119.453,0.67,OFF,OFF
1553538600000,EI000032465,69000004841,-82.5461,-165.092,0.42,OFF,OFF
2035477800000,EI000028886,WG000025300,-82.5461,2.42814,0.95,OFF,OFF
2407343400000,EI000015583,69000028905,1.21407,2.42814,0.14,OFF,OFF
1417631400000,EI000015029,69000011527,-10.4735,-20.947,0.93,OFF,ON
2040748200000,EI000027497,69000026953,-10.4735,-20.947,0.94,OFF,OFF
2389285800000,EI000023082,69000010692,-74.7556,-149.511,0.77,OFF,ON
1035138600000,EI000027300,69000022164,29.4065,58.813,0.99,OFF,OFF
1993141800000,EI000004107,69000000694,-40.9909,-81.9819,0.74,OFF,ON
2631033000000,EI000021469,WG000000525,88.3933,176.787,0.58,OFF,ON
1216492200000,EI000001602,WG000029261,-77.4574,-154.915,0.98,OFF,OFF
1088965800000,EI000023500,WG000023017,-77.4574,-154.915,0.34,OFF,ON
1212777000000,EI000020495,WG000022421,60.9137,121.827,0.60,OFF,OFF
1550082600000,EI000024583,WG000023612,60.9137,121.827,0.75,OFF,OFF
2441817000000,EI000006101,WG000022672,64.9841,129.968,0.64,OFF,OFF
2371660200000,EI000002603,WG000021852,-57.8494,-115.699,0.53,OFF,ON
1890153000000,EI000030489,69000029337,-57.8494,-115.699,0.08,OFF,OFF
1251052200000,EI000008406,69000016332,-68.3872,-136.774,0.77,OFF,ON
1159641000000,EI000005392,WG000013639,-68.3872,-136.774,0.35,OFF,OFF
2221410600000,EI000004950,69000017516,39.5619,79.1239,0.29,OFF,OFF
1391797800000,EI000014101,WG000027114,39.5619,79.1239,0.15,OFF,OFF
2013445800000,EI000011177,WG000007602,79.8605,159.721,0.98,OFF,ON
1003689000000,EI000006187,69000003522,-68.3908,-136.782,0.44,OFF,OFF
1071945000000,EI000029607,69000002673,-68.3908,-136.782,0.45,OFF,ON
1121106600000,EI000019050,WG000007334,23.3293,46.6586,0.62,OFF,OFF
1034274600000,EI000011419,69000004316,-88.5842,-177.168,0.76,OFF,ON
2013964200000,EI000013274,69000003213,-88.5842,-177.168,0.17,OFF,OFF
1504463400000,EI000014039,69000023443,-79.2759,-158.552,0.20,OFF,ON
1021487400000,EI000015668,WG000001500,0.475747,0.951494,0.22,OFF,OFF
2393346600000,EI000013571,69000004969,38.0859,76.1718,0.63,OFF,ON
1424716200000,EI000030405,WG000029541,-75.1596,-150.319,0.24,OFF,ON
2027701800000,EI000017629,WG000004082,-75.1596,41.4524,0.21,OFF,OFF
966796200000,EI000006796,WG000001133,20.7262,41.4524,0.31,OFF,ON
1065465000000,EI000031086,69000019591,41.7042,83.4084,0.05,OFF,OFF
1344623400000,EI000025939,69000009573,41.7042,83.4084,0.48,OFF,OFF
1670956200000,EI000012458,69000008181,41.7042,-94.7422,0.91,OFF,OFF
1231612200000,EI000002785,69000002352,-47.3711,-94.7422,0.05,OFF,ON
2329842600000,EI000031244,69000000899,-56.3462,-112.692,0.30,OFF,ON
1910370600000,EI000026406,69000017920,-17.299,-34.598,0.56,OFF,ON
2064249000000,EI000014743,69000000607,-17.299,-34.598,0.14,OFF,OFF
2196354600000,EI000032006,WG000032169,-59.5458,-119.092,0.88,OFF,ON
1862073000000,EI000002323,69000031161,20.8688,41.7376,0.99,OFF,ON
1780252200000,EI000023172,WG000020232,30.3909,60.7818,0.18,OFF,OFF
962217000000,EI000031330,WG000012785,19.7514,39.5028,0.16,OFF,OFF
2394469800000,EI000009503,WG000027242,70.8474,141.695,0.16,OFF,OFF
1691519400000,EI000005587,69000031027,70.8474,141.695,0.14,OFF,OFF
1964025000000,EI000025398,WG000012970,23.7609,47.5217,0.71,OFF,ON
1969554600000,EI000028668,WG000030767,23.7609,47.5217,0.11,OFF,ON
2047487400000,EI000012011,WG000006172,6.62464,13.2493,0.22,OFF,ON
2088959400000,EI000004383,69000016954,-87.5362,-175.072,0.49,OFF,OFF
1799865000000,EI000002935,69000003798,-87.5362,-175.072,0.02,OFF,OFF
2257957800000,EI000020249,69000019293,-18.2209,-36.4419,0.19,OFF,ON
1269628200000,EI000023402,WG000027205,-18.2209,-36.4419,0.55,OFF,OFF
1744655400000,EI000022074,69000004254,58.5149,24.148,0.10,OFF,OFF
1236105000000,EI000025550,WG000012622,12.074,24.148,0.06,OFF,ON
2614185000000,EI000020889,69000023786,12.074,24.148,0.66,OFF,ON
1148495400000,EI000029485,69000012206,-3.27514,-6.55028,0.39,OFF,ON
2248108200000,EI000027803,WG000029368,12.0488,24.0976,0.46,OFF,OFF
1816972200000,EI000030064,69000009894,12.0488,24.0976,0.60,OFF,ON
1424716200000,EI000016607,69000004656,-64.7543,-129.509,0.81,OFF,ON
1444761000000,EI000012015,WG000015119,-64.7543,-129.509,0.58,OFF,OFF
1810924200000,EI000020953,WG000000822,19.5937,39.1874,0.24,OFF,ON
2522082600000,EI000014088,69000027610,68.9004,137.801,0.37,OFF,ON
1399746600000,EI000032398,69000010800,73.9676,147.935,0.06,OFF,OFF
2393087400000,EI000014865,WG000027998,73.9676,147.935,0.26,OFF,ON
1246645800000,EI000029806,WG000004318,44.2858,88.5715,0.34,OFF,ON
2283013800000,EI000018284,69000007215,-5.24917,-10.4983,0.71,OFF,ON
2669308200000,EI000028829,69000012227,-5.24917,-10.4983,0.40,OFF,OFF
1841596200000,EI000022490,69000017025,-5.24917,-10.4983,0.52,OFF,ON
2045154600000,EI000019535,69000030434,-50.4468,-100.894,0.41,OFF,ON
1832005800000,EI000007451,WG000011663,89.3777,178.755,0.85,OFF,OFF
1919701800000,EI000008740,69000002295,-8.42178,-16.8436,0.90,OFF,OFF
1275935400000,EI000032393,69000000903,67.9393,135.879,0.04,OFF,OFF
1169317800000,EI000007723,69000001927,67.9393,135.879,0.92,OFF,ON
1573497000000,EI000004170,WG000000466,-54.353,-108.706,0.77,OFF,ON
999973800000,EI000014838,69000018856,-54.353,55.4677,0.82,OFF,ON
1926009000000,EI000028210,WG000021393,27.7338,55.4677,0.59,OFF,OFF
1647801000000,EI000005795,69000008289,27.7338,55.4677,0.66,OFF,OFF
1592332200000,EI000026862,WG000001988,67.369,134.738,0.11,OFF,ON
1628101800000,EI000010017,69000010628,-70.1588,-140.318,0.11,OFF,OFF
1380133800000,EI000017511,WG000013790,-4.99911,-9.99822,0.26,OFF,OFF
2259599400000,EI000005721,WG000028656,-4.99911,-9.99822,0.04,OFF,OFF
1087237800000,EI000002756,WG000025292,52.5931,105.186,0.97,OFF,OFF
1487356200000,EI000004165,WG000011514,52.5931,105.186,0.39,OFF,ON
1220466600000,EI000009310,WG000005724,52.5931,0.667551,0.24,OFF,OFF
2092674600000,EI000022848,69000014396,0.333776,0.667551,0.54,OFF,ON
1127241000000,EI000024181,WG000014338,-53.1462,-106.292,0.12,OFF,ON
1492453800000,EI000001628,69000031498,8.93981,17.8796,0.21,OFF,OFF
1960914600000,EI000025056,WG000009590,26.0681,52.1362,0.91,OFF,OFF
2337445800000,EI000030017,69000020657,26.0681,52.1362,0.26,OFF,ON
1045852200000,EI000031235,WG000020346,30.9379,-52.7872,0.97,OFF,ON
1080585000000,EI000007339,69000006639,-26.3936,-52.7872,0.73,OFF,OFF
1831314600000,EI000011271,WG000019259,-26.3936,-52.7872,0.63,OFF,OFF
1149100200000,EI000025256,WG000017096,-5.90001,-11.8,0.38,OFF,OFF
1913049000000,EI000007335,69000013782,-5.90001,-11.8,0.09,OFF,OFF
1585333800000,EI000029194,WG000008178,82.5498,165.1,0.09,OFF,OFF
1769970600000,EI000016108,WG000025664,-43.4203,-86.8406,0.87,OFF,OFF
1110911400000,EI000015091,69000016901,-43.4203,-86.8406,0.78,OFF,ON
1724956200000,EI000017995,WG000028436,31.2953,62.5906,0.19,OFF,OFF
1863973800000,EI000005327,69000018495,31.2953,62.5906,0.18,OFF,ON
1510425000000,EI000005588,69000017032,-0.297803,-0.595607,0.78,OFF,OFF
2607445800000,EI000030587,69000014350,-43.7577,-87.5154,0.49,OFF,ON
2498754600000,EI000010533,WG000015152,-43.7577,-87.5154,0.32,OFF,OFF
2021999400000,EI000018189,WG000018855,47.5402,95.0804,0.07,OFF,OFF
2539449000000,EI000023751,69000031503,-16.448,-32.896,0.41,OFF,ON
1171564200000,EI000023465,WG000016185,45.1673,90.3347,0.71,OFF,OFF
1044124200000,EI000029542,WG000013895,-60.6263,-121.253,0.83,OFF,OFF
2128530600000,EI000022094,WG000018987,-28.727,-57.4541,0.20,OFF,OFF
2100018600000,EI000010581,WG000011785,-28.727,-57.4541,0.11,OFF,ON
2055090600000,EI000032165,WG000013297,68.3291,136.658,0.48,OFF,OFF
986495400000,EI000009937,69000014530,67.3976,134.795,0.93,OFF,ON
1778869800000,EI000020316,69000021422,67.3976,70.0101,0.51,OFF,OFF
1418668200000,EI000005200,WG000016396,-48.9238,-97.8476,0.74,OFF,ON
1949337000000,EI000002263,69000003461,-59.853,-119.706,0.15,OFF,ON
1136831400000,EI000029390,69000025163,81.1549,162.31,0.09,OFF,OFF
1377887400000,EI000013295,WG000026800,54.3924,108.785,0.47,OFF,ON
1962210600000,EI000015607,WG000008018,19.8939,39.7879,0.48,OFF,ON
1869762600000,EI000006204,WG000031385,-3.00063,-6.00127,0.03,OFF,ON
1741545000000,EI000023326,WG000021775,-3.00063,-6.00127,0.45,OFF,ON
1315247400000,EI000029740,69000011919,-62.5128,-125.026,0.21,OFF,ON
1334860200000,EI000013760,WG000020199,87.7303,175.461,0.57,OFF,OFF
1340476200000,EI000021789,69000010230,82.0843,164.169,0.09,OFF,ON
2216831400000,EI000000480,WG000005557,82.0843,164.169,0.61,OFF,OFF
1264098600000,EI000022532,WG000029946,3.36495,6.7299,0.38,OFF,OFF
1320604200000,EI000014715,69000005625,3.36495,6.7299,0.22,OFF,OFF
2249317800000,EI000004987,WG000000103,72.8846,145.769,0.54,OFF,OFF
1090089000000,EI000001559,69000025674,72.8846,145.769,0.26,OFF,OFF
953663400000,EI000001137,69000016566,72.8846,145.769,0.71,OFF,ON
1093199400000,EI000028921,WG000019935,62.414,124.828,0.89,OFF,ON
1847903400000,EI000028891,69000026209,-64.2141,-128.428,0.93,OFF,OFF
1573065000000,EI000012577,69000012151,81.6987,163.397,0.96,OFF,OFF
1321554600000,EI000021753,WG000028058,81.6987,163.397,0.87,OFF,ON
1472063400000,EI000013531,69000019495,81.6987,163.397,0.32,OFF,OFF
2260290600000,EI000030142,69000032664,41.804,83.608,0.22,OFF,OFF
1168194600000,EI000016808,WG000005241,41.804,83.608,0.13,OFF,ON
1664562600000,EI000023594,WG000019957,41.804,83.608,0.80,OFF,OFF
982175400000,EI000014991,69000025570,-51.1592,-102.318,0.64,OFF,OFF
2499359400000,EI000023387,WG000025729,-51.1592,-102.318,0.30,OFF,ON
1753900200000,EI000008029,69000022067,29.9729,59.9457,0.18,OFF,ON
1063909800000,EI000006476,WG000029219,75.1308,34.6698,0.03,OFF,OFF
1802629800000,EI000020621,69000009075,64.4698,128.94,0.45,OFF,ON
1141237800000,EI000007853,69000029285,64.4698,128.94,0.95,OFF,OFF
1579026600000,EI000015327,WG000026279,-37.4308,20.0425,0.35,OFF,OFF
1487097000000,EI000006253,69000010456,-77.1499,-154.3,0.96,OFF,ON
1043778600000,EI000024249,69000002679,-38.8069,-77.6137,0.49,OFF,ON
1419964200000,EI000009266,WG000021397,-38.8069,-77.6137,0.29,OFF,ON
1310149800000,EI000015201,WG000023067,-38.8069,-77.6137,0.64,OFF,OFF
1450290600000,EI000022908,69000013715,-14.2874,-28.5748,0.28,OFF,OFF
1792261800000,EI000018125,WG000010992,-7.58545,-15.1709,0.43,OFF,OFF
2122828200000,EI000017650,WG000009599,-7.58545,-15.1709,0.00,OFF,OFF
1821292200000,EI000031396,69000030604,54.4585,108.917,0.08,OFF,ON
1743445800000,EI000023242,WG000018849,-7.66078,-15.3216,0.16,OFF,ON
2299689000000,EI000007859,WG000031460,49.9611,99.9222,0.53,OFF,OFF
1828031400000,EI000023429,WG000000787,-6.28905,-12.5781,0.69,OFF,ON
1002393000000,EI000018907,69000001301,-2.2912,137.449,0.40,OFF,ON
1370284200000,EI000002021,69000029316,68.7245,137.449,0.87,OFF,ON
2285778600000,EI000021310,WG000016367,20.5815,41.163,0.97,OFF,ON